{"sections":{"image_banner":{"type":"image-banner","blocks":{"heading":{"type":"heading","settings":{"heading":"<strong>Leading Supplier of High-Quality Spray Paint Booth Filters<\/strong>","heading_size":"h0"}},"text_LXXMxY":{"type":"text","settings":{"text":"Ensuring Safe, Effective, and Efficient Paint Booth Filtration for All Industries","text_style":"subtitle"}},"button":{"type":"buttons","settings":{"button_label_1":"Explore Our Products →","button_link_1":"shopify:\/\/collections\/all","button_style_secondary_1":true,"button_label_2":"","button_link_2":"","button_style_secondary_2":false}}},"block_order":["heading","text_LXXMxY","button"],"settings":{"image":"shopify:\/\/shop_images\/Rectangle_183.png","image_overlay_opacity":40,"image_height":"adapt","desktop_content_position":"bottom-center","show_text_box":false,"desktop_content_alignment":"center","color_scheme":"scheme-3","image_behavior":"none","mobile_content_alignment":"center","stack_images_on_mobile":false,"show_text_below":false}},"image_with_text_T9E9kY":{"type":"image-with-text","blocks":{"heading_6WnfNt":{"type":"heading","settings":{"heading":"About Us","heading_size":"h1"}},"text_dPk6TN":{"type":"text","settings":{"text":"<p>At Spray Flters Direct, our mission is to become the leading supplier of spray paint booth filters, providing innovative and reliable filtration solutions to the automotive, plastics, manufacturing, and various other industries. We are dedicated to ensuring the highest standards of safety, effectiveness, and efficiency in every product we deliver, helping our clients maintain optimal working environments and achieve superior results.<\/p>","text_style":"body"}},"button_R4W4Kr":{"type":"button","settings":{"button_label":"Learn More →","button_link":"#","button_style_secondary":false}}},"block_order":["heading_6WnfNt","text_dPk6TN","button_R4W4Kr"],"custom_css":[".image-with-text__media img {width: 514px; height: 379px; margin-top: 60px;}",".image-with-text__media {border: none; box-shadow: none;}",".image-with-text__content p {font-size: 14px;}",".image-with-text__content {max-width: 800px; \/* Set the desired maximum width *\/ width: 100%; \/* Ensure it adapts to smaller screens *\/ margin: 0 auto; \/* Center align the content *\/}"],"settings":{"image":"shopify:\/\/shop_images\/Rectangle_185.png","height":"adapt","desktop_image_width":"medium","layout":"text_first","desktop_content_position":"top","desktop_content_alignment":"left","content_layout":"no-overlap","section_color_scheme":"","color_scheme":"","image_behavior":"none","mobile_content_alignment":"left","padding_top":36,"padding_bottom":36}},"custom_rTr9Kf":{"type":"custom","blocks":{"column_B6kYYM":{"type":"column","settings":{"image":"shopify:\/\/shop_images\/Group_1261155960.png","image_alt":"","title":"Measure existing filter setup","text":"Assess your current filter setup for optimal performance and efficiency."}},"column_ewLeX4":{"type":"column","settings":{"image":"shopify:\/\/shop_images\/Group_1261155961.png","image_alt":"","title":"Manufacture custom frames","text":"Craft bespoke frames tailored to your specific filtration requirements."}},"column_cyQPj4":{"type":"column","settings":{"image":"shopify:\/\/shop_images\/Group_1261155962.png","image_alt":"","title":"Choose customized filters designed to meet your unique application needs.","text":"Craft bespoke frames tailored to your specific filtration requirements."}},"column_yW3yiJ":{"type":"column","settings":{"image":"shopify:\/\/shop_images\/Group_1261155963.png","image_alt":"","title":"Eliminate debris bypass","text":"Prevent debris bypass for a cleaner and more efficient filtration system."}},"column_dFN79G":{"type":"column","settings":{"image":"shopify:\/\/shop_images\/Group_1261155964.png","image_alt":"","title":"Minimize waste to enhance sustainability and cost-efficiency.","text":"Minimize waste to enhance sustainability and cost-efficiency."}},"column_n99amR":{"type":"column","settings":{"image":"shopify:\/\/shop_images\/Group_1261155965.png","image_alt":"","title":"Increase particle capture","text":"Enhance particle capture for a cleaner, more efficient filtration process."}},"column_PV467M":{"type":"column","settings":{"image":"shopify:\/\/shop_images\/Group_1261155966.png","image_alt":"","title":"Save Money. Breathe easier.","text":"Save money and breathe easier with our advanced filtration solutions."}},"column_MAtNt3":{"type":"column","settings":{"image":"shopify:\/\/shop_images\/Group_1261155967.png","image_alt":"","title":"Eliminate debris bypass","text":"Ensure complete filtration by eliminating debris bypass."}}},"block_order":["column_B6kYYM","column_ewLeX4","column_cyQPj4","column_yW3yiJ","column_dFN79G","column_n99amR","column_PV467M","column_MAtNt3"],"custom_css":[".multicolumns {margin-left: 37px; margin-right: 37px;}",".section-title {font-weight: bold; margin-bottom: 2px;}"],"settings":{"title":"Custom Filters","description":"Our custom steel holding frames and polyester filter media pads can be custom made for any unit at any facility—many times at a cost less than pre-manufactured options!","button_label":"Learn More →","button_link":"#"}},"featured_collection":{"type":"featured-collection","custom_css":["section {position: relative;}",".center {position: absolute; right: 10%; top: 8%;}",".button {background-color: white; color: #0057a0; border: 1px solid #0057a0;}",". price__container {margin-bottom: 15px;}"],"settings":{"title":"<strong>Featured Spray  Filter Products<\/strong>","heading_size":"h1","description":"<p>Discover our top-rated spray filter products designed for superior performance and reliability. Explore our featured selection to find the perfect solution for your filtration needs.<\/p>","show_description":false,"description_style":"body","collection":"all","products_to_show":8,"columns_desktop":4,"full_width":false,"show_view_all":true,"view_all_style":"solid","enable_desktop_slider":false,"color_scheme":"scheme-1","image_ratio":"adapt","image_shape":"default","show_secondary_image":true,"show_vendor":false,"show_rating":false,"quick_add":"none","columns_mobile":"2","swipe_on_mobile":false,"padding_top":44,"padding_bottom":36}},"multicolumn_CQHWGh":{"type":"multicolumn","blocks":{"column_Akmjj9":{"type":"column","settings":{"image":"shopify:\/\/shop_images\/Group_3373.png","title":"<strong>Automotive<\/strong>","text":"<p>We offer specialized filters for automotive paint booths, ensuring a dust-free environment for flawless vehicle finishes and compliance with industry standards.<\/p>","link_label":"","link":""}},"column_4bFk9G":{"type":"column","settings":{"image":"shopify:\/\/shop_images\/Group_3374.png","title":"<strong>Plastics<\/strong>","text":"<p>Our filters cater to the plastics industry by capturing fine particles, reducing airborne contaminants, and ensuring smooth, high-quality production processes.<\/p>","link_label":"","link":""}},"column_3ay9Xh":{"type":"column","settings":{"image":"shopify:\/\/shop_images\/Group_3376.png","title":"<strong>Manufacturing<\/strong>","text":"<p>Customizable filtration systems enhance productivity and safety in various manufacturing applications, from heavy machinery to delicate assembly lines.<\/p>","link_label":"","link":""}},"column_ecJbbk":{"type":"column","settings":{"image":"shopify:\/\/shop_images\/Group_1261155971.png","title":"<strong>Other Industries<\/strong>","text":"<p>We serve aerospace, electronics, pharmaceuticals, woodworking, and more, providing tailored filtration solutions for safe, effective, and efficient operations.<\/p>","link_label":"","link":""}}},"block_order":["column_Akmjj9","column_4bFk9G","column_3ay9Xh","column_ecJbbk"],"custom_css":[".media img {padding-left: 68px;}",".multicolumn-card,.content-container {background-color: #0057a0; border-radius: 16px; color: white; width: 260px;}",".inline-richtext {color: white;}",".multicolumn-card__info {padding: 10px 20px; text-align: center;}",".h1 {color: black;}",".multicolumn-card__info img {margin-bottom: 10px;}",".subheading {margin-top: 0px;}"],"settings":{"title":"<strong>Industries Served<\/strong>","heading_size":"h1","subheading":"Explore the diverse range of industries we serve, from automotive and plastics to manufacturing and beyond. Our tailored filtration solutions meet the unique needs of each sector, ensuring optimal performance and efficiency.","image_width":"full","image_ratio":"adapt","columns_desktop":4,"column_alignment":"left","background_style":"primary","button_label":"Learn More →","button_link":"#","color_scheme":"","columns_mobile":"1","swipe_on_mobile":false,"padding_top":36,"padding_bottom":36}},"multicolumn_D8qpdE":{"type":"multicolumn","blocks":{"column_GGmhiT":{"type":"column","settings":{"image":"shopify:\/\/shop_images\/Group_1261155970.png","title":"","text":"<p>Exceptional service! Dr. Gillon has been Mila's Vet since birth. She love her visits and is actually excited to receive all the love she gets from the staff. Having a good, honest Vet is priceless. These pets are our kids. I would highly recommend Dr Gillon and Willow Glen Pet Hospital. #1<\/p>","link_label":"","link":""}},"column_LMPqdM":{"type":"column","settings":{"image":"shopify:\/\/shop_images\/Group_1261155970.png","title":"","text":"<p>Exceptional service! Dr. Gillon has been Mila's Vet since birth. She love her visits and is actually excited to receive all the love she gets from the staff. Having a good, honest Vet is priceless. These pets are our kids. I would highly recommend Dr Gillon and Willow Glen Pet Hospital. #1<\/p>","link_label":"","link":""}},"column_Qm7GaY":{"type":"column","settings":{"image":"shopify:\/\/shop_images\/Group_1261155970.png","title":"","text":"<p>Exceptional service! Dr. Gillon has been Mila's Vet since birth. She love her visits and is actually excited to receive all the love she gets from the staff. Having a good, honest Vet is priceless. These pets are our kids. I would highly recommend Dr Gillon and Willow Glen Pet Hospital. #1<\/p>","link_label":"","link":""}},"column_hbqjbB":{"type":"column","settings":{"image":"shopify:\/\/shop_images\/Group_1261155970.png","title":"","text":"<p>Exceptional service! Dr. Gillon has been Mila's Vet since birth. She love her visits and is actually excited to receive all the love she gets from the staff. Having a good, honest Vet is priceless. These pets are our kids. I would highly recommend Dr Gillon and Willow Glen Pet Hospital. #1<\/p>","link_label":"","link":""}}},"block_order":["column_GGmhiT","column_LMPqdM","column_Qm7GaY","column_hbqjbB"],"custom_css":[".inline-richtext {text-align: start; width: 45%;}",".rtes {text-align: start; height: 240px; font-size: 14px;}",".none {display: none;}",".media--transparent {width: 240px; height: 82px;}",".multicolumn-card {background: white; border: 1px solid #e6e6e6; border-radius: 5px; width: 271px;}"],"settings":{"title":"<strong>What our client says about our services. <\/strong>","heading_size":"h1","subheading":"","image_width":"full","image_ratio":"adapt","columns_desktop":4,"column_alignment":"left","background_style":"primary","button_label":"","button_link":"","color_scheme":"","columns_mobile":"1","swipe_on_mobile":false,"padding_top":36,"padding_bottom":36}},"multicolumn_wYBxct":{"type":"multicolumn","blocks":{"column_PTdNcc":{"type":"column","settings":{"image":"shopify:\/\/shop_images\/Group_1261155956.png","title":"<strong>Unmatched Quality<\/strong>","text":"<p>Our products are crafted with the highest quality materials and rigorous quality control processes, ensuring superior performance and durability.<\/p>","link_label":"","link":"","bar-image":"shopify:\/\/shop_images\/Vector_5.png"}},"column_EHWxym":{"type":"column","settings":{"image":"shopify:\/\/shop_images\/Group_1261155953.png","title":"<strong>Reliable Performance<\/strong>","text":"<p>We deliver consistent and reliable filtration solutions that meet industry standards, guaranteeing optimal efficiency and safety for your operations.<\/p>","link_label":"","link":"","bar-image":"shopify:\/\/shop_images\/Vector_5.png"}},"column_yTKdEk":{"type":"column","settings":{"image":"shopify:\/\/shop_images\/Group_1261155959.png","title":"<strong>Innovative Solutions<\/strong>","text":"<p>With a commitment to continuous innovation, we provide cutting-edge filtration technologies that address emerging needs and challenges in various industries.<\/p>","link_label":"","link":"","bar-image":"shopify:\/\/shop_images\/Vector_5.png"}},"column_HVHd8n":{"type":"column","settings":{"image":"shopify:\/\/shop_images\/Group_1261155958.png","title":"<strong>Best Customer Service<\/strong>","text":"<p>Our dedicated customer service team is always ready to assist, offering expert advice, timely support, and personalized solutions to meet your specific requirements.<\/p>","link_label":"","link":"","bar-image":"shopify:\/\/shop_images\/Vector_5.png"}}},"block_order":["column_PTdNcc","column_EHWxym","column_yTKdEk","column_HVHd8n"],"custom_css":[".media img {padding-left: 68px;}",".multicolumn-card,.content-container {background-color: #e6f6fc; border-radius: 16px; color: black; width: 260px;}",".inline-richtext {color: black;}",".multicolumn-card__info {padding: 10px 20px; text-align: center;}",".multicolumn-card__info img {margin-bottom: 10px;}",".subheading{margin-top: 0px;}"],"settings":{"title":"Why Choose Us","heading_size":"h1","subheading":"Choose us for our unparalleled commitment to quality, innovative filtration solutions, and exceptional customer service. We ensure superior performance and reliability across all industries.","image_width":"full","image_ratio":"adapt","columns_desktop":4,"column_alignment":"left","background_style":"primary","button_label":"","button_link":"","color_scheme":"","columns_mobile":"1","swipe_on_mobile":false,"padding_top":36,"padding_bottom":36}},"contact_form_dcGh8A":{"type":"contact-form","custom_css":[],"settings":{"heading":"<strong>Get in Touch with Us<\/strong>","content":"Reach out to us for any inquiries or to request a quote. Fill out the form below, and our team will get back to you promptly with the information you need.","heading_size":"h1","color_scheme":"","padding_top":36,"padding_bottom":36,"background_image":"shopify:\/\/shop_images\/Rectangle_157170.png","background_color":"#0057a0"}}},"order":["image_banner","image_with_text_T9E9kY","custom_rTr9Kf","featured_collection","multicolumn_CQHWGh","multicolumn_D8qpdE","multicolumn_wYBxct","contact_form_dcGh8A"]}