{"name":"t:sections.footer.name","type":"footer","sections":{"footer":{"type":"footer","custom_css":[".footer {display: none;}",".custom-footer {padding: 80px 120px;}",".footer-section ul,.footer-section h4 {padding-left: 50px;}",".footer-logo {margin-bottom: -10px;}",".break{margin-bottom: -12px}"],"settings":{"color_scheme":"scheme-1","newsletter_enable":false,"newsletter_heading":"Subscribe to our emails","enable_follow_on_shop":false,"show_social":false,"enable_country_selector":false,"enable_language_selector":false,"payment_enable":false,"show_policy":false,"margin_top":0,"padding_top":36,"padding_bottom":36}}},"order":["footer"]}